{"columns":[],
    "data":[],
    "drugList":[
        {"available_qty":0,"drug_id":"10997","drug_name":"Absolute Alcohol 95% w\/v",
        "fromStore_id":null,"fromStore_name":null,"indent_date":null,
        "indent_id":null,"indent_remarks":null,"indent_status":null,
        "packing_description":"450ml","programme_id":"16197",
        "programme_name":"Child Health CH","remarks":null,
        "request_qty":null,"stock_id":null,"strength_unit":null,
        "strength_value":null,"tax":null,"toStore_id":null,"toStore_name":null,
        "unit_price":null,"update_value":null},
        {"available_qty":0,"drug_id":"11405","drug_name":"Acetylsalicylic acid 150",
        "fromStore_id":null,"fromStore_name":null,"indent_date":null,
         "indent_id":null,"indent_remarks":null,"indent_status":null,
        "packing_description":"10*10","programme_id":"16197",
        "programme_name":"Child Health CH","remarks":null,"request_qty":null,
        "stock_id":null,"strength_unit":null,"strength_value":null,"tax":null,
         "toStore_id":null,"toStore_name":null,"unit_price":null,"update_value":null},
        {"available_qty":0,"drug_id":"11210","drug_name":"Acetylsaicylic Acid",
            "fromStore_id":null,"fromStore_name":null,"indent_date":null,"indent_id":null,
            "indent_remarks":null,"indent_status":null,"packing_description":"10x10",
             "programme_id":"16197","programme_name":"Child Health CH","remarks":null,
             "request_qty":null,"stock_id":null,"strength_unit":null,"strength_value":null,
             "tax":null,"toStore_id":null,"toStore_name":null,"unit_price":null,
             "update_value":null},{"available_qty":0,"drug_id":"10262","drug_name":"ABSORBENT GAUZE",
             "fromStore_id":null,"fromStore_name":null,"indent_date":null,"indent_id":null,
            "indent_remarks":null,"indent_status":null,"packing_description":"1x10",
            "programme_id":"16197","programme_name":"Child Health CH","remarks":null,
            "request_qty":null,"stock_id":null,"strength_unit":null,"strength_value":null,
            "tax":null,"toStore_id":null,"toStore_name":null,"unit_price":null,
            "update_value":null}],"drugListStockEntry":null,"loggedIn":null,
            "programList":{"16206":"ASHA","16197":"Child Health CH","16244":"Essential Drug ED",
                        "16246":"Essential Medicines EM","16243":"GENERAL MEDICINES GM",
                        "16242":"Government Approved Lists MI GALMI","16247":"Health and Wellness Center Drugs HWCD",
                        "16240":"Intensified Diarrhoea Control Fortnight IDCF",
                        "16193":"Janani Shishu Suraksha Karyakaram JSSK",
                        "16241":"National Deworming Day NDD",
                        "16248":"National Iodine Deficiency Disorder Control Programme NIDDCP",
                        "16249":"National Iodine Deficiency Disorder Control Programme NIDDCP",
                        "16203":"National Mental Health Programme NMHP",
                        "16209":"National Program for Palliative Care  New Initiatives under NCD",
                        "16238":"National Urban Health Mission NUHM",
                        "16250":"National Viral Hepatitis Control Programme NVHCP",
                        "16201":"RCH","16239":"Weekly Iron Folic Acid Supplement WIFS"},
                        "session":null,"stockList":"success"}